_about,average_price,house_price_index,ref_month,ref_period_duration,ref_period_start,ref_region,sales_volume,percentage_change,percentage_annual_change
http://landregistry.data.gov.uk/data/ukhpi/region/armagh-banbridge-and-craigavon/month/2005-01,99340,65.2,2005-01,3,2005-01-01 00:00:00,http://landregistry.data.gov.uk/id/region/armagh-banbridge-and-craigavon,111.0,,
http://landregistry.data.gov.uk/data/ukhpi/region/armagh-banbridge-and-craigavon/month/2005-02,99340,65.2,2005-02,3,2005-01-01 00:00:00,http://landregistry.data.gov.uk/id/region/armagh-banbridge-and-craigavon,111.0,,
http://landregistry.data.gov.uk/data/ukhpi/region/armagh-banbridge-and-craigavon/month/2005-03,99340,65.2,2005-03,3,2005-01-01 00:00:00,http://landregistry.data.gov.uk/id/region/armagh-banbridge-and-craigavon,111.0,,
http://landregistry.data.gov.uk/data/ukhpi/region/armagh-banbridge-and-craigavon/month/2005-04,103305,67.8,2005-04,3,2005-04-01 00:00:00,http://landregistry.data.gov.uk/id/region/armagh-banbridge-and-craigavon,320.0,4.0,
http://landregistry.data.gov.uk/data/ukhpi/region/armagh-banbridge-and-craigavon/month/2005-05,103305,67.8,2005-05,3,2005-04-01 00:00:00,http://landregistry.data.gov.uk/id/region/armagh-banbridge-and-craigavon,320.0,4.0,
http://landregistry.data.gov.uk/data/ukhpi/region/armagh-banbridge-and-craigavon/month/2005-06,103305,67.8,2005-06,3,2005-04-01 00:00:00,http://landregistry.data.gov.uk/id/region/armagh-banbridge-and-craigavon,320.0,4.0,
http://landregistry.data.gov.uk/data/ukhpi/region/armagh-banbridge-and-craigavon/month/2005-07,106880,70.1,2005-07,3,2005-07-01 00:00:00,http://landregistry.data.gov.uk/id/region/armagh-banbridge-and-craigavon,323.0,3.5,
http://landregistry.data.gov.uk/data/ukhpi/region/armagh-banbridge-and-craigavon/month/2005-08,106880,70.1,2005-08,3,2005-07-01 00:00:00,http://landregistry.data.gov.uk/id/region/armagh-banbridge-and-craigavon,323.0,3.5,
http://landregistry.data.gov.uk/data/ukhpi/region/armagh-banbridge-and-craigavon/month/2005-09,106880,70.1,2005-09,3,2005-07-01 00:00:00,http://landregistry.data.gov.uk/id/region/armagh-banbridge-and-craigavon,323.0,3.5,
http://landregistry.data.gov.uk/data/ukhpi/region/armagh-banbridge-and-craigavon/month/2005-10,112775,74.0,2005-10,3,2005-10-01 00:00:00,http://landregistry.data.gov.uk/id/region/armagh-banbridge-and-craigavon,400.0,5.5,
http://landregistry.data.gov.uk/data/ukhpi/region/armagh-banbridge-and-craigavon/month/2005-11,112775,74.0,2005-11,3,2005-10-01 00:00:00,http://landregistry.data.gov.uk/id/region/armagh-banbridge-and-craigavon,400.0,5.5,
http://landregistry.data.gov.uk/data/ukhpi/region/armagh-banbridge-and-craigavon/month/2005-12,112775,74.0,2005-12,3,2005-10-01 00:00:00,http://landregistry.data.gov.uk/id/region/armagh-banbridge-and-craigavon,400.0,5.5,
http://landregistry.data.gov.uk/data/ukhpi/region/armagh-banbridge-and-craigavon/month/2006-01,118369,77.6,2006-01,3,2006-01-01 00:00:00,http://landregistry.data.gov.uk/id/region/armagh-banbridge-and-craigavon,346.0,5.0,19.2
http://landregistry.data.gov.uk/data/ukhpi/region/armagh-banbridge-and-craigavon/month/2006-02,118369,77.6,2006-02,3,2006-01-01 00:00:00,http://landregistry.data.gov.uk/id/region/armagh-banbridge-and-craigavon,346.0,5.0,19.2
http://landregistry.data.gov.uk/data/ukhpi/region/armagh-banbridge-and-craigavon/month/2006-03,118369,77.6,2006-03,3,2006-01-01 00:00:00,http://landregistry.data.gov.uk/id/region/armagh-banbridge-and-craigavon,346.0,5.0,19.2
http://landregistry.data.gov.uk/data/ukhpi/region/armagh-banbridge-and-craigavon/month/2006-04,130728,85.7,2006-04,3,2006-04-01 00:00:00,http://landregistry.data.gov.uk/id/region/armagh-banbridge-and-craigavon,411.0,10.4,26.5
http://landregistry.data.gov.uk/data/ukhpi/region/armagh-banbridge-and-craigavon/month/2006-05,130728,85.7,2006-05,3,2006-04-01 00:00:00,http://landregistry.data.gov.uk/id/region/armagh-banbridge-and-craigavon,411.0,10.4,26.5
http://landregistry.data.gov.uk/data/ukhpi/region/armagh-banbridge-and-craigavon/month/2006-06,130728,85.7,2006-06,3,2006-04-01 00:00:00,http://landregistry.data.gov.uk/id/region/armagh-banbridge-and-craigavon,411.0,10.4,26.5
http://landregistry.data.gov.uk/data/ukhpi/region/armagh-banbridge-and-craigavon/month/2006-07,147130,96.5,2006-07,3,2006-07-01 00:00:00,http://landregistry.data.gov.uk/id/region/armagh-banbridge-and-craigavon,399.0,12.5,37.7
http://landregistry.data.gov.uk/data/ukhpi/region/armagh-banbridge-and-craigavon/month/2006-08,147130,96.5,2006-08,3,2006-07-01 00:00:00,http://landregistry.data.gov.uk/id/region/armagh-banbridge-and-craigavon,399.0,12.5,37.7
http://landregistry.data.gov.uk/data/ukhpi/region/armagh-banbridge-and-craigavon/month/2006-09,147130,96.5,2006-09,3,2006-07-01 00:00:00,http://landregistry.data.gov.uk/id/region/armagh-banbridge-and-craigavon,399.0,12.5,37.7
http://landregistry.data.gov.uk/data/ukhpi/region/armagh-banbridge-and-craigavon/month/2006-10,168318,110.4,2006-10,3,2006-10-01 00:00:00,http://landregistry.data.gov.uk/id/region/armagh-banbridge-and-craigavon,416.0,14.4,49.3
http://landregistry.data.gov.uk/data/ukhpi/region/armagh-banbridge-and-craigavon/month/2006-11,168318,110.4,2006-11,3,2006-10-01 00:00:00,http://landregistry.data.gov.uk/id/region/armagh-banbridge-and-craigavon,416.0,14.4,49.3
http://landregistry.data.gov.uk/data/ukhpi/region/armagh-banbridge-and-craigavon/month/2006-12,168318,110.4,2006-12,3,2006-10-01 00:00:00,http://landregistry.data.gov.uk/id/region/armagh-banbridge-and-craigavon,416.0,14.4,49.3
http://landregistry.data.gov.uk/data/ukhpi/region/armagh-banbridge-and-craigavon/month/2007-01,191623,125.7,2007-01,3,2007-01-01 00:00:00,http://landregistry.data.gov.uk/id/region/armagh-banbridge-and-craigavon,331.0,13.8,61.9
http://landregistry.data.gov.uk/data/ukhpi/region/armagh-banbridge-and-craigavon/month/2007-02,191623,125.7,2007-02,3,2007-01-01 00:00:00,http://landregistry.data.gov.uk/id/region/armagh-banbridge-and-craigavon,331.0,13.8,61.9
http://landregistry.data.gov.uk/data/ukhpi/region/armagh-banbridge-and-craigavon/month/2007-03,191623,125.7,2007-03,3,2007-01-01 00:00:00,http://landregistry.data.gov.uk/id/region/armagh-banbridge-and-craigavon,331.0,13.8,61.9
http://landregistry.data.gov.uk/data/ukhpi/region/armagh-banbridge-and-craigavon/month/2007-04,204795,134.3,2007-04,3,2007-04-01 00:00:00,http://landregistry.data.gov.uk/id/region/armagh-banbridge-and-craigavon,338.0,6.9,56.7
http://landregistry.data.gov.uk/data/ukhpi/region/armagh-banbridge-and-craigavon/month/2007-05,204795,134.3,2007-05,3,2007-04-01 00:00:00,http://landregistry.data.gov.uk/id/region/armagh-banbridge-and-craigavon,338.0,6.9,56.7
http://landregistry.data.gov.uk/data/ukhpi/region/armagh-banbridge-and-craigavon/month/2007-06,204795,134.3,2007-06,3,2007-04-01 00:00:00,http://landregistry.data.gov.uk/id/region/armagh-banbridge-and-craigavon,338.0,6.9,56.7
http://landregistry.data.gov.uk/data/ukhpi/region/armagh-banbridge-and-craigavon/month/2007-07,209025,137.1,2007-07,3,2007-07-01 00:00:00,http://landregistry.data.gov.uk/id/region/armagh-banbridge-and-craigavon,227.0,2.1,42.1
http://landregistry.data.gov.uk/data/ukhpi/region/armagh-banbridge-and-craigavon/month/2007-08,209025,137.1,2007-08,3,2007-07-01 00:00:00,http://landregistry.data.gov.uk/id/region/armagh-banbridge-and-craigavon,227.0,2.1,42.1
http://landregistry.data.gov.uk/data/ukhpi/region/armagh-banbridge-and-craigavon/month/2007-09,209025,137.1,2007-09,3,2007-07-01 00:00:00,http://landregistry.data.gov.uk/id/region/armagh-banbridge-and-craigavon,227.0,2.1,42.1
http://landregistry.data.gov.uk/data/ukhpi/region/armagh-banbridge-and-craigavon/month/2007-11,187414,122.9,2007-11,3,2007-10-01 00:00:00,http://landregistry.data.gov.uk/id/region/armagh-banbridge-and-craigavon,142.0,-10.3,11.3
http://landregistry.data.gov.uk/data/ukhpi/region/armagh-banbridge-and-craigavon/month/2007-12,187414,122.9,2007-12,3,2007-10-01 00:00:00,http://landregistry.data.gov.uk/id/region/armagh-banbridge-and-craigavon,142.0,-10.3,11.3
http://landregistry.data.gov.uk/data/ukhpi/region/armagh-banbridge-and-craigavon/month/2007-10,187414,122.9,2007-10,3,2007-10-01 00:00:00,http://landregistry.data.gov.uk/id/region/armagh-banbridge-and-craigavon,142.0,-10.3,11.3
http://landregistry.data.gov.uk/data/ukhpi/region/armagh-banbridge-and-craigavon/month/2008-01,181841,119.3,2008-01,3,2008-01-01 00:00:00,http://landregistry.data.gov.uk/id/region/armagh-banbridge-and-craigavon,110.0,-3.0,-5.1
http://landregistry.data.gov.uk/data/ukhpi/region/armagh-banbridge-and-craigavon/month/2008-02,181841,119.3,2008-02,3,2008-01-01 00:00:00,http://landregistry.data.gov.uk/id/region/armagh-banbridge-and-craigavon,110.0,-3.0,-5.1
http://landregistry.data.gov.uk/data/ukhpi/region/armagh-banbridge-and-craigavon/month/2008-03,181841,119.3,2008-03,3,2008-01-01 00:00:00,http://landregistry.data.gov.uk/id/region/armagh-banbridge-and-craigavon,110.0,-3.0,-5.1
http://landregistry.data.gov.uk/data/ukhpi/region/armagh-banbridge-and-craigavon/month/2008-04,159322,104.5,2008-04,3,2008-04-01 00:00:00,http://landregistry.data.gov.uk/id/region/armagh-banbridge-and-craigavon,150.0,-12.4,-22.2
http://landregistry.data.gov.uk/data/ukhpi/region/armagh-banbridge-and-craigavon/month/2008-05,159322,104.5,2008-05,3,2008-04-01 00:00:00,http://landregistry.data.gov.uk/id/region/armagh-banbridge-and-craigavon,150.0,-12.4,-22.2
http://landregistry.data.gov.uk/data/ukhpi/region/armagh-banbridge-and-craigavon/month/2008-06,159322,104.5,2008-06,3,2008-04-01 00:00:00,http://landregistry.data.gov.uk/id/region/armagh-banbridge-and-craigavon,150.0,-12.4,-22.2
http://landregistry.data.gov.uk/data/ukhpi/region/armagh-banbridge-and-craigavon/month/2008-07,144385,94.7,2008-07,3,2008-07-01 00:00:00,http://landregistry.data.gov.uk/id/region/armagh-banbridge-and-craigavon,83.0,-9.4,-30.9
http://landregistry.data.gov.uk/data/ukhpi/region/armagh-banbridge-and-craigavon/month/2008-08,144385,94.7,2008-08,3,2008-07-01 00:00:00,http://landregistry.data.gov.uk/id/region/armagh-banbridge-and-craigavon,83.0,-9.4,-30.9
http://landregistry.data.gov.uk/data/ukhpi/region/armagh-banbridge-and-craigavon/month/2008-09,144385,94.7,2008-09,3,2008-07-01 00:00:00,http://landregistry.data.gov.uk/id/region/armagh-banbridge-and-craigavon,83.0,-9.4,-30.9
http://landregistry.data.gov.uk/data/ukhpi/region/armagh-banbridge-and-craigavon/month/2008-10,136961,89.8,2008-10,3,2008-10-01 00:00:00,http://landregistry.data.gov.uk/id/region/armagh-banbridge-and-craigavon,86.0,-5.1,-26.9
http://landregistry.data.gov.uk/data/ukhpi/region/armagh-banbridge-and-craigavon/month/2008-11,136961,89.8,2008-11,3,2008-10-01 00:00:00,http://landregistry.data.gov.uk/id/region/armagh-banbridge-and-craigavon,86.0,-5.1,-26.9
http://landregistry.data.gov.uk/data/ukhpi/region/armagh-banbridge-and-craigavon/month/2008-12,136961,89.8,2008-12,3,2008-10-01 00:00:00,http://landregistry.data.gov.uk/id/region/armagh-banbridge-and-craigavon,86.0,-5.1,-26.9
http://landregistry.data.gov.uk/data/ukhpi/region/armagh-banbridge-and-craigavon/month/2009-01,123332,80.9,2009-01,3,2009-01-01 00:00:00,http://landregistry.data.gov.uk/id/region/armagh-banbridge-and-craigavon,79.0,-10.0,-32.2
http://landregistry.data.gov.uk/data/ukhpi/region/armagh-banbridge-and-craigavon/month/2009-02,123332,80.9,2009-02,3,2009-01-01 00:00:00,http://landregistry.data.gov.uk/id/region/armagh-banbridge-and-craigavon,79.0,-10.0,-32.2
http://landregistry.data.gov.uk/data/ukhpi/region/armagh-banbridge-and-craigavon/month/2009-03,123332,80.9,2009-03,3,2009-01-01 00:00:00,http://landregistry.data.gov.uk/id/region/armagh-banbridge-and-craigavon,79.0,-10.0,-32.2
http://landregistry.data.gov.uk/data/ukhpi/region/armagh-banbridge-and-craigavon/month/2009-04,126409,82.9,2009-04,3,2009-04-01 00:00:00,http://landregistry.data.gov.uk/id/region/armagh-banbridge-and-craigavon,102.0,2.5,-20.7
http://landregistry.data.gov.uk/data/ukhpi/region/armagh-banbridge-and-craigavon/month/2009-05,126409,82.9,2009-05,3,2009-04-01 00:00:00,http://landregistry.data.gov.uk/id/region/armagh-banbridge-and-craigavon,102.0,2.5,-20.7
http://landregistry.data.gov.uk/data/ukhpi/region/armagh-banbridge-and-craigavon/month/2009-06,126409,82.9,2009-06,3,2009-04-01 00:00:00,http://landregistry.data.gov.uk/id/region/armagh-banbridge-and-craigavon,102.0,2.5,-20.7
http://landregistry.data.gov.uk/data/ukhpi/region/armagh-banbridge-and-craigavon/month/2009-07,123269,80.9,2009-07,3,2009-07-01 00:00:00,http://landregistry.data.gov.uk/id/region/armagh-banbridge-and-craigavon,116.0,-2.5,-14.6
http://landregistry.data.gov.uk/data/ukhpi/region/armagh-banbridge-and-craigavon/month/2009-08,123269,80.9,2009-08,3,2009-07-01 00:00:00,http://landregistry.data.gov.uk/id/region/armagh-banbridge-and-craigavon,116.0,-2.5,-14.6
http://landregistry.data.gov.uk/data/ukhpi/region/armagh-banbridge-and-craigavon/month/2009-09,123269,80.9,2009-09,3,2009-07-01 00:00:00,http://landregistry.data.gov.uk/id/region/armagh-banbridge-and-craigavon,116.0,-2.5,-14.6
http://landregistry.data.gov.uk/data/ukhpi/region/armagh-banbridge-and-craigavon/month/2009-10,121645,79.8,2009-10,3,2009-10-01 00:00:00,http://landregistry.data.gov.uk/id/region/armagh-banbridge-and-craigavon,118.0,-1.3,-11.2
http://landregistry.data.gov.uk/data/ukhpi/region/armagh-banbridge-and-craigavon/month/2009-11,121645,79.8,2009-11,3,2009-10-01 00:00:00,http://landregistry.data.gov.uk/id/region/armagh-banbridge-and-craigavon,118.0,-1.3,-11.2
http://landregistry.data.gov.uk/data/ukhpi/region/armagh-banbridge-and-craigavon/month/2009-12,121645,79.8,2009-12,3,2009-10-01 00:00:00,http://landregistry.data.gov.uk/id/region/armagh-banbridge-and-craigavon,118.0,-1.3,-11.2
http://landregistry.data.gov.uk/data/ukhpi/region/armagh-banbridge-and-craigavon/month/2010-01,118696,77.9,2010-01,3,2010-01-01 00:00:00,http://landregistry.data.gov.uk/id/region/armagh-banbridge-and-craigavon,87.0,-2.4,-3.8
http://landregistry.data.gov.uk/data/ukhpi/region/armagh-banbridge-and-craigavon/month/2010-02,118696,77.9,2010-02,3,2010-01-01 00:00:00,http://landregistry.data.gov.uk/id/region/armagh-banbridge-and-craigavon,87.0,-2.4,-3.8
http://landregistry.data.gov.uk/data/ukhpi/region/armagh-banbridge-and-craigavon/month/2010-03,118696,77.9,2010-03,3,2010-01-01 00:00:00,http://landregistry.data.gov.uk/id/region/armagh-banbridge-and-craigavon,87.0,-2.4,-3.8
http://landregistry.data.gov.uk/data/ukhpi/region/armagh-banbridge-and-craigavon/month/2010-04,114624,75.2,2010-04,3,2010-04-01 00:00:00,http://landregistry.data.gov.uk/id/region/armagh-banbridge-and-craigavon,99.0,-3.4,-9.3
http://landregistry.data.gov.uk/data/ukhpi/region/armagh-banbridge-and-craigavon/month/2010-05,114624,75.2,2010-05,3,2010-04-01 00:00:00,http://landregistry.data.gov.uk/id/region/armagh-banbridge-and-craigavon,99.0,-3.4,-9.3
http://landregistry.data.gov.uk/data/ukhpi/region/armagh-banbridge-and-craigavon/month/2010-06,114624,75.2,2010-06,3,2010-04-01 00:00:00,http://landregistry.data.gov.uk/id/region/armagh-banbridge-and-craigavon,99.0,-3.4,-9.3
http://landregistry.data.gov.uk/data/ukhpi/region/armagh-banbridge-and-craigavon/month/2010-07,115533,75.8,2010-07,3,2010-07-01 00:00:00,http://landregistry.data.gov.uk/id/region/armagh-banbridge-and-craigavon,75.0,0.8,-6.3
http://landregistry.data.gov.uk/data/ukhpi/region/armagh-banbridge-and-craigavon/month/2010-08,115533,75.8,2010-08,3,2010-07-01 00:00:00,http://landregistry.data.gov.uk/id/region/armagh-banbridge-and-craigavon,75.0,0.8,-6.3
http://landregistry.data.gov.uk/data/ukhpi/region/armagh-banbridge-and-craigavon/month/2010-09,115533,75.8,2010-09,3,2010-07-01 00:00:00,http://landregistry.data.gov.uk/id/region/armagh-banbridge-and-craigavon,75.0,0.8,-6.3
http://landregistry.data.gov.uk/data/ukhpi/region/armagh-banbridge-and-craigavon/month/2010-10,110960,72.8,2010-10,3,2010-10-01 00:00:00,http://landregistry.data.gov.uk/id/region/armagh-banbridge-and-craigavon,100.0,-4.0,-8.8
http://landregistry.data.gov.uk/data/ukhpi/region/armagh-banbridge-and-craigavon/month/2010-11,110960,72.8,2010-11,3,2010-10-01 00:00:00,http://landregistry.data.gov.uk/id/region/armagh-banbridge-and-craigavon,100.0,-4.0,-8.8
http://landregistry.data.gov.uk/data/ukhpi/region/armagh-banbridge-and-craigavon/month/2010-12,110960,72.8,2010-12,3,2010-10-01 00:00:00,http://landregistry.data.gov.uk/id/region/armagh-banbridge-and-craigavon,100.0,-4.0,-8.8
http://landregistry.data.gov.uk/data/ukhpi/region/armagh-banbridge-and-craigavon/month/2011-01,107017,70.2,2011-01,3,2011-01-01 00:00:00,http://landregistry.data.gov.uk/id/region/armagh-banbridge-and-craigavon,85.0,-3.6,-9.8
http://landregistry.data.gov.uk/data/ukhpi/region/armagh-banbridge-and-craigavon/month/2011-02,107017,70.2,2011-02,3,2011-01-01 00:00:00,http://landregistry.data.gov.uk/id/region/armagh-banbridge-and-craigavon,85.0,-3.6,-9.8
http://landregistry.data.gov.uk/data/ukhpi/region/armagh-banbridge-and-craigavon/month/2011-03,107017,70.2,2011-03,3,2011-01-01 00:00:00,http://landregistry.data.gov.uk/id/region/armagh-banbridge-and-craigavon,85.0,-3.6,-9.8
http://landregistry.data.gov.uk/data/ukhpi/region/armagh-banbridge-and-craigavon/month/2011-04,99523,65.3,2011-04,3,2011-04-01 00:00:00,http://landregistry.data.gov.uk/id/region/armagh-banbridge-and-craigavon,96.0,-7.0,-13.2
http://landregistry.data.gov.uk/data/ukhpi/region/armagh-banbridge-and-craigavon/month/2011-05,99523,65.3,2011-05,3,2011-04-01 00:00:00,http://landregistry.data.gov.uk/id/region/armagh-banbridge-and-craigavon,96.0,-7.0,-13.2
http://landregistry.data.gov.uk/data/ukhpi/region/armagh-banbridge-and-craigavon/month/2011-06,99523,65.3,2011-06,3,2011-04-01 00:00:00,http://landregistry.data.gov.uk/id/region/armagh-banbridge-and-craigavon,96.0,-7.0,-13.2
http://landregistry.data.gov.uk/data/ukhpi/region/armagh-banbridge-and-craigavon/month/2011-07,101644,66.7,2011-07,3,2011-07-01 00:00:00,http://landregistry.data.gov.uk/id/region/armagh-banbridge-and-craigavon,116.0,2.1,-12.0
http://landregistry.data.gov.uk/data/ukhpi/region/armagh-banbridge-and-craigavon/month/2011-08,101644,66.7,2011-08,3,2011-07-01 00:00:00,http://landregistry.data.gov.uk/id/region/armagh-banbridge-and-craigavon,116.0,2.1,-12.0
http://landregistry.data.gov.uk/data/ukhpi/region/armagh-banbridge-and-craigavon/month/2011-09,101644,66.7,2011-09,3,2011-07-01 00:00:00,http://landregistry.data.gov.uk/id/region/armagh-banbridge-and-craigavon,116.0,2.1,-12.0
http://landregistry.data.gov.uk/data/ukhpi/region/armagh-banbridge-and-craigavon/month/2011-10,96701,63.4,2011-10,3,2011-10-01 00:00:00,http://landregistry.data.gov.uk/id/region/armagh-banbridge-and-craigavon,109.0,-4.9,-12.9
http://landregistry.data.gov.uk/data/ukhpi/region/armagh-banbridge-and-craigavon/month/2011-11,96701,63.4,2011-11,3,2011-10-01 00:00:00,http://landregistry.data.gov.uk/id/region/armagh-banbridge-and-craigavon,109.0,-4.9,-12.9
http://landregistry.data.gov.uk/data/ukhpi/region/armagh-banbridge-and-craigavon/month/2011-12,96701,63.4,2011-12,3,2011-10-01 00:00:00,http://landregistry.data.gov.uk/id/region/armagh-banbridge-and-craigavon,109.0,-4.9,-12.9
http://landregistry.data.gov.uk/data/ukhpi/region/armagh-banbridge-and-craigavon/month/2012-01,92696,60.8,2012-01,3,2012-01-01 00:00:00,http://landregistry.data.gov.uk/id/region/armagh-banbridge-and-craigavon,112.0,-4.1,-13.4
http://landregistry.data.gov.uk/data/ukhpi/region/armagh-banbridge-and-craigavon/month/2012-02,92696,60.8,2012-02,3,2012-01-01 00:00:00,http://landregistry.data.gov.uk/id/region/armagh-banbridge-and-craigavon,112.0,-4.1,-13.4
http://landregistry.data.gov.uk/data/ukhpi/region/armagh-banbridge-and-craigavon/month/2012-03,92696,60.8,2012-03,3,2012-01-01 00:00:00,http://landregistry.data.gov.uk/id/region/armagh-banbridge-and-craigavon,112.0,-4.1,-13.4
http://landregistry.data.gov.uk/data/ukhpi/region/armagh-banbridge-and-craigavon/month/2012-04,92021,60.4,2012-04,3,2012-04-01 00:00:00,http://landregistry.data.gov.uk/id/region/armagh-banbridge-and-craigavon,114.0,-0.7,-7.5
http://landregistry.data.gov.uk/data/ukhpi/region/armagh-banbridge-and-craigavon/month/2012-05,92021,60.4,2012-05,3,2012-04-01 00:00:00,http://landregistry.data.gov.uk/id/region/armagh-banbridge-and-craigavon,114.0,-0.7,-7.5
http://landregistry.data.gov.uk/data/ukhpi/region/armagh-banbridge-and-craigavon/month/2012-06,92021,60.4,2012-06,3,2012-04-01 00:00:00,http://landregistry.data.gov.uk/id/region/armagh-banbridge-and-craigavon,114.0,-0.7,-7.5
http://landregistry.data.gov.uk/data/ukhpi/region/armagh-banbridge-and-craigavon/month/2012-07,85539,56.1,2012-07,3,2012-07-01 00:00:00,http://landregistry.data.gov.uk/id/region/armagh-banbridge-and-craigavon,133.0,-7.0,-15.8
http://landregistry.data.gov.uk/data/ukhpi/region/armagh-banbridge-and-craigavon/month/2012-08,85539,56.1,2012-08,3,2012-07-01 00:00:00,http://landregistry.data.gov.uk/id/region/armagh-banbridge-and-craigavon,133.0,-7.0,-15.8
http://landregistry.data.gov.uk/data/ukhpi/region/armagh-banbridge-and-craigavon/month/2012-09,85539,56.1,2012-09,3,2012-07-01 00:00:00,http://landregistry.data.gov.uk/id/region/armagh-banbridge-and-craigavon,133.0,-7.0,-15.8
http://landregistry.data.gov.uk/data/ukhpi/region/armagh-banbridge-and-craigavon/month/2012-10,83316,54.7,2012-10,3,2012-10-01 00:00:00,http://landregistry.data.gov.uk/id/region/armagh-banbridge-and-craigavon,147.0,-2.6,-13.8
http://landregistry.data.gov.uk/data/ukhpi/region/armagh-banbridge-and-craigavon/month/2012-11,83316,54.7,2012-11,3,2012-10-01 00:00:00,http://landregistry.data.gov.uk/id/region/armagh-banbridge-and-craigavon,147.0,-2.6,-13.8
http://landregistry.data.gov.uk/data/ukhpi/region/armagh-banbridge-and-craigavon/month/2012-12,83316,54.7,2012-12,3,2012-10-01 00:00:00,http://landregistry.data.gov.uk/id/region/armagh-banbridge-and-craigavon,147.0,-2.6,-13.8
http://landregistry.data.gov.uk/data/ukhpi/region/armagh-banbridge-and-craigavon/month/2013-01,83944,55.1,2013-01,3,2013-01-01 00:00:00,http://landregistry.data.gov.uk/id/region/armagh-banbridge-and-craigavon,124.0,0.8,-9.4
http://landregistry.data.gov.uk/data/ukhpi/region/armagh-banbridge-and-craigavon/month/2013-02,83944,55.1,2013-02,3,2013-01-01 00:00:00,http://landregistry.data.gov.uk/id/region/armagh-banbridge-and-craigavon,124.0,0.8,-9.4
http://landregistry.data.gov.uk/data/ukhpi/region/armagh-banbridge-and-craigavon/month/2013-03,83944,55.1,2013-03,3,2013-01-01 00:00:00,http://landregistry.data.gov.uk/id/region/armagh-banbridge-and-craigavon,124.0,0.8,-9.4
http://landregistry.data.gov.uk/data/ukhpi/region/armagh-banbridge-and-craigavon/month/2013-04,85520,56.1,2013-04,3,2013-04-01 00:00:00,http://landregistry.data.gov.uk/id/region/armagh-banbridge-and-craigavon,136.0,1.9,-7.1
http://landregistry.data.gov.uk/data/ukhpi/region/armagh-banbridge-and-craigavon/month/2013-05,85520,56.1,2013-05,3,2013-04-01 00:00:00,http://landregistry.data.gov.uk/id/region/armagh-banbridge-and-craigavon,136.0,1.9,-7.1
http://landregistry.data.gov.uk/data/ukhpi/region/armagh-banbridge-and-craigavon/month/2013-06,85520,56.1,2013-06,3,2013-04-01 00:00:00,http://landregistry.data.gov.uk/id/region/armagh-banbridge-and-craigavon,136.0,1.9,-7.1
http://landregistry.data.gov.uk/data/ukhpi/region/armagh-banbridge-and-craigavon/month/2013-07,86250,56.6,2013-07,3,2013-07-01 00:00:00,http://landregistry.data.gov.uk/id/region/armagh-banbridge-and-craigavon,145.0,0.9,0.8
http://landregistry.data.gov.uk/data/ukhpi/region/armagh-banbridge-and-craigavon/month/2013-08,86250,56.6,2013-08,3,2013-07-01 00:00:00,http://landregistry.data.gov.uk/id/region/armagh-banbridge-and-craigavon,145.0,0.9,0.8
http://landregistry.data.gov.uk/data/ukhpi/region/armagh-banbridge-and-craigavon/month/2013-09,86250,56.6,2013-09,3,2013-07-01 00:00:00,http://landregistry.data.gov.uk/id/region/armagh-banbridge-and-craigavon,145.0,0.9,0.8
http://landregistry.data.gov.uk/data/ukhpi/region/armagh-banbridge-and-craigavon/month/2013-10,89438,58.7,2013-10,3,2013-10-01 00:00:00,http://landregistry.data.gov.uk/id/region/armagh-banbridge-and-craigavon,188.0,3.7,7.3
http://landregistry.data.gov.uk/data/ukhpi/region/armagh-banbridge-and-craigavon/month/2013-11,89438,58.7,2013-11,3,2013-10-01 00:00:00,http://landregistry.data.gov.uk/id/region/armagh-banbridge-and-craigavon,188.0,3.7,7.3
http://landregistry.data.gov.uk/data/ukhpi/region/armagh-banbridge-and-craigavon/month/2013-12,89438,58.7,2013-12,3,2013-10-01 00:00:00,http://landregistry.data.gov.uk/id/region/armagh-banbridge-and-craigavon,188.0,3.7,7.3
http://landregistry.data.gov.uk/data/ukhpi/region/armagh-banbridge-and-craigavon/month/2014-01,90123,59.1,2014-01,3,2014-01-01 00:00:00,http://landregistry.data.gov.uk/id/region/armagh-banbridge-and-craigavon,146.0,0.8,7.4
http://landregistry.data.gov.uk/data/ukhpi/region/armagh-banbridge-and-craigavon/month/2014-02,90123,59.1,2014-02,3,2014-01-01 00:00:00,http://landregistry.data.gov.uk/id/region/armagh-banbridge-and-craigavon,146.0,0.8,7.4
http://landregistry.data.gov.uk/data/ukhpi/region/armagh-banbridge-and-craigavon/month/2014-03,90123,59.1,2014-03,3,2014-01-01 00:00:00,http://landregistry.data.gov.uk/id/region/armagh-banbridge-and-craigavon,146.0,0.8,7.4
http://landregistry.data.gov.uk/data/ukhpi/region/armagh-banbridge-and-craigavon/month/2014-04,91970,60.3,2014-04,3,2014-04-01 00:00:00,http://landregistry.data.gov.uk/id/region/armagh-banbridge-and-craigavon,186.0,2.0,7.5
http://landregistry.data.gov.uk/data/ukhpi/region/armagh-banbridge-and-craigavon/month/2014-05,91970,60.3,2014-05,3,2014-04-01 00:00:00,http://landregistry.data.gov.uk/id/region/armagh-banbridge-and-craigavon,186.0,2.0,7.5
http://landregistry.data.gov.uk/data/ukhpi/region/armagh-banbridge-and-craigavon/month/2014-06,91970,60.3,2014-06,3,2014-04-01 00:00:00,http://landregistry.data.gov.uk/id/region/armagh-banbridge-and-craigavon,186.0,2.0,7.5
http://landregistry.data.gov.uk/data/ukhpi/region/armagh-banbridge-and-craigavon/month/2014-07,94216,61.8,2014-07,3,2014-07-01 00:00:00,http://landregistry.data.gov.uk/id/region/armagh-banbridge-and-craigavon,184.0,2.4,9.2
http://landregistry.data.gov.uk/data/ukhpi/region/armagh-banbridge-and-craigavon/month/2014-08,94216,61.8,2014-08,3,2014-07-01 00:00:00,http://landregistry.data.gov.uk/id/region/armagh-banbridge-and-craigavon,184.0,2.4,9.2
http://landregistry.data.gov.uk/data/ukhpi/region/armagh-banbridge-and-craigavon/month/2014-09,94216,61.8,2014-09,3,2014-07-01 00:00:00,http://landregistry.data.gov.uk/id/region/armagh-banbridge-and-craigavon,184.0,2.4,9.2
http://landregistry.data.gov.uk/data/ukhpi/region/armagh-banbridge-and-craigavon/month/2014-10,96388,63.2,2014-10,3,2014-10-01 00:00:00,http://landregistry.data.gov.uk/id/region/armagh-banbridge-and-craigavon,229.0,2.3,7.8
http://landregistry.data.gov.uk/data/ukhpi/region/armagh-banbridge-and-craigavon/month/2014-11,96388,63.2,2014-11,3,2014-10-01 00:00:00,http://landregistry.data.gov.uk/id/region/armagh-banbridge-and-craigavon,229.0,2.3,7.8
http://landregistry.data.gov.uk/data/ukhpi/region/armagh-banbridge-and-craigavon/month/2014-12,96388,63.2,2014-12,3,2014-10-01 00:00:00,http://landregistry.data.gov.uk/id/region/armagh-banbridge-and-craigavon,229.0,2.3,7.8
http://landregistry.data.gov.uk/data/ukhpi/region/armagh-banbridge-and-craigavon/month/2015-01,97158,63.7,2015-01,3,2015-01-01 00:00:00,http://landregistry.data.gov.uk/id/region/armagh-banbridge-and-craigavon,172.0,0.8,7.8
http://landregistry.data.gov.uk/data/ukhpi/region/armagh-banbridge-and-craigavon/month/2015-02,97158,63.7,2015-02,3,2015-01-01 00:00:00,http://landregistry.data.gov.uk/id/region/armagh-banbridge-and-craigavon,172.0,0.8,7.8
http://landregistry.data.gov.uk/data/ukhpi/region/armagh-banbridge-and-craigavon/month/2015-03,97158,63.7,2015-03,3,2015-01-01 00:00:00,http://landregistry.data.gov.uk/id/region/armagh-banbridge-and-craigavon,172.0,0.8,7.8
http://landregistry.data.gov.uk/data/ukhpi/region/armagh-banbridge-and-craigavon/month/2015-04,99364,65.2,2015-04,3,2015-04-01 00:00:00,http://landregistry.data.gov.uk/id/region/armagh-banbridge-and-craigavon,189.0,2.3,8.0
http://landregistry.data.gov.uk/data/ukhpi/region/armagh-banbridge-and-craigavon/month/2015-05,99364,65.2,2015-05,3,2015-04-01 00:00:00,http://landregistry.data.gov.uk/id/region/armagh-banbridge-and-craigavon,189.0,2.3,8.0
http://landregistry.data.gov.uk/data/ukhpi/region/armagh-banbridge-and-craigavon/month/2015-06,99364,65.2,2015-06,3,2015-04-01 00:00:00,http://landregistry.data.gov.uk/id/region/armagh-banbridge-and-craigavon,189.0,2.3,8.0
http://landregistry.data.gov.uk/data/ukhpi/region/armagh-banbridge-and-craigavon/month/2015-07,102656,67.3,2015-07,3,2015-07-01 00:00:00,http://landregistry.data.gov.uk/id/region/armagh-banbridge-and-craigavon,204.0,3.3,9.0
http://landregistry.data.gov.uk/data/ukhpi/region/armagh-banbridge-and-craigavon/month/2015-08,102656,67.3,2015-08,3,2015-07-01 00:00:00,http://landregistry.data.gov.uk/id/region/armagh-banbridge-and-craigavon,204.0,3.3,9.0
http://landregistry.data.gov.uk/data/ukhpi/region/armagh-banbridge-and-craigavon/month/2015-09,102656,67.3,2015-09,3,2015-07-01 00:00:00,http://landregistry.data.gov.uk/id/region/armagh-banbridge-and-craigavon,204.0,3.3,9.0
http://landregistry.data.gov.uk/data/ukhpi/region/armagh-banbridge-and-craigavon/month/2015-10,105158,69.0,2015-10,3,2015-10-01 00:00:00,http://landregistry.data.gov.uk/id/region/armagh-banbridge-and-craigavon,227.0,2.4,9.1
http://landregistry.data.gov.uk/data/ukhpi/region/armagh-banbridge-and-craigavon/month/2015-11,105158,69.0,2015-11,3,2015-10-01 00:00:00,http://landregistry.data.gov.uk/id/region/armagh-banbridge-and-craigavon,227.0,2.4,9.1
http://landregistry.data.gov.uk/data/ukhpi/region/armagh-banbridge-and-craigavon/month/2015-12,105158,69.0,2015-12,3,2015-10-01 00:00:00,http://landregistry.data.gov.uk/id/region/armagh-banbridge-and-craigavon,227.0,2.4,9.1
http://landregistry.data.gov.uk/data/ukhpi/region/armagh-banbridge-and-craigavon/month/2016-01,106155,69.6,2016-01,3,2016-01-01 00:00:00,http://landregistry.data.gov.uk/id/region/armagh-banbridge-and-craigavon,230.0,0.9,9.3
http://landregistry.data.gov.uk/data/ukhpi/region/armagh-banbridge-and-craigavon/month/2016-02,106155,69.6,2016-02,3,2016-01-01 00:00:00,http://landregistry.data.gov.uk/id/region/armagh-banbridge-and-craigavon,230.0,0.9,9.3
http://landregistry.data.gov.uk/data/ukhpi/region/armagh-banbridge-and-craigavon/month/2016-03,106155,69.6,2016-03,3,2016-01-01 00:00:00,http://landregistry.data.gov.uk/id/region/armagh-banbridge-and-craigavon,230.0,0.9,9.3
http://landregistry.data.gov.uk/data/ukhpi/region/armagh-banbridge-and-craigavon/month/2016-04,109747,72.0,2016-04,3,2016-04-01 00:00:00,http://landregistry.data.gov.uk/id/region/armagh-banbridge-and-craigavon,177.0,3.4,10.4
http://landregistry.data.gov.uk/data/ukhpi/region/armagh-banbridge-and-craigavon/month/2016-05,109747,72.0,2016-05,3,2016-04-01 00:00:00,http://landregistry.data.gov.uk/id/region/armagh-banbridge-and-craigavon,177.0,3.4,10.4
http://landregistry.data.gov.uk/data/ukhpi/region/armagh-banbridge-and-craigavon/month/2016-06,109747,72.0,2016-06,3,2016-04-01 00:00:00,http://landregistry.data.gov.uk/id/region/armagh-banbridge-and-craigavon,177.0,3.4,10.4
http://landregistry.data.gov.uk/data/ukhpi/region/armagh-banbridge-and-craigavon/month/2016-07,108709,71.3,2016-07,3,2016-07-01 00:00:00,http://landregistry.data.gov.uk/id/region/armagh-banbridge-and-craigavon,214.0,-0.9,5.9
http://landregistry.data.gov.uk/data/ukhpi/region/armagh-banbridge-and-craigavon/month/2016-08,108709,71.3,2016-08,3,2016-07-01 00:00:00,http://landregistry.data.gov.uk/id/region/armagh-banbridge-and-craigavon,214.0,-0.9,5.9
http://landregistry.data.gov.uk/data/ukhpi/region/armagh-banbridge-and-craigavon/month/2016-09,108709,71.3,2016-09,3,2016-07-01 00:00:00,http://landregistry.data.gov.uk/id/region/armagh-banbridge-and-craigavon,214.0,-0.9,5.9
http://landregistry.data.gov.uk/data/ukhpi/region/armagh-banbridge-and-craigavon/month/2016-10,109787,72.0,2016-10,3,2016-10-01 00:00:00,http://landregistry.data.gov.uk/id/region/armagh-banbridge-and-craigavon,231.0,1.0,4.4
http://landregistry.data.gov.uk/data/ukhpi/region/armagh-banbridge-and-craigavon/month/2016-11,109787,72.0,2016-11,3,2016-10-01 00:00:00,http://landregistry.data.gov.uk/id/region/armagh-banbridge-and-craigavon,231.0,1.0,4.4
http://landregistry.data.gov.uk/data/ukhpi/region/armagh-banbridge-and-craigavon/month/2016-12,109787,72.0,2016-12,3,2016-10-01 00:00:00,http://landregistry.data.gov.uk/id/region/armagh-banbridge-and-craigavon,231.0,1.0,4.4
http://landregistry.data.gov.uk/data/ukhpi/region/armagh-banbridge-and-craigavon/month/2017-01,112234,73.6,2017-01,3,2017-01-01 00:00:00,http://landregistry.data.gov.uk/id/region/armagh-banbridge-and-craigavon,198.0,2.2,5.7
http://landregistry.data.gov.uk/data/ukhpi/region/armagh-banbridge-and-craigavon/month/2017-02,112234,73.6,2017-02,3,2017-01-01 00:00:00,http://landregistry.data.gov.uk/id/region/armagh-banbridge-and-craigavon,198.0,2.2,5.7
http://landregistry.data.gov.uk/data/ukhpi/region/armagh-banbridge-and-craigavon/month/2017-03,112234,73.6,2017-03,3,2017-01-01 00:00:00,http://landregistry.data.gov.uk/id/region/armagh-banbridge-and-craigavon,198.0,2.2,5.7
http://landregistry.data.gov.uk/data/ukhpi/region/armagh-banbridge-and-craigavon/month/2017-04,111968,73.4,2017-04,3,2017-04-01 00:00:00,http://landregistry.data.gov.uk/id/region/armagh-banbridge-and-craigavon,228.0,-0.2,2.0
http://landregistry.data.gov.uk/data/ukhpi/region/armagh-banbridge-and-craigavon/month/2017-05,111968,73.4,2017-05,3,2017-04-01 00:00:00,http://landregistry.data.gov.uk/id/region/armagh-banbridge-and-craigavon,228.0,-0.2,2.0
http://landregistry.data.gov.uk/data/ukhpi/region/armagh-banbridge-and-craigavon/month/2017-06,111968,73.4,2017-06,3,2017-04-01 00:00:00,http://landregistry.data.gov.uk/id/region/armagh-banbridge-and-craigavon,228.0,-0.2,2.0
http://landregistry.data.gov.uk/data/ukhpi/region/armagh-banbridge-and-craigavon/month/2017-07,112544,73.8,2017-07,3,2017-07-01 00:00:00,http://landregistry.data.gov.uk/id/region/armagh-banbridge-and-craigavon,246.0,0.5,3.5
http://landregistry.data.gov.uk/data/ukhpi/region/armagh-banbridge-and-craigavon/month/2017-08,112544,73.8,2017-08,3,2017-07-01 00:00:00,http://landregistry.data.gov.uk/id/region/armagh-banbridge-and-craigavon,246.0,0.5,3.5
http://landregistry.data.gov.uk/data/ukhpi/region/armagh-banbridge-and-craigavon/month/2017-09,112544,73.8,2017-09,3,2017-07-01 00:00:00,http://landregistry.data.gov.uk/id/region/armagh-banbridge-and-craigavon,246.0,0.5,3.5
http://landregistry.data.gov.uk/data/ukhpi/region/armagh-banbridge-and-craigavon/month/2017-10,114645,75.2,2017-10,3,2017-10-01 00:00:00,http://landregistry.data.gov.uk/id/region/armagh-banbridge-and-craigavon,274.0,1.9,4.4
http://landregistry.data.gov.uk/data/ukhpi/region/armagh-banbridge-and-craigavon/month/2017-11,114645,75.2,2017-11,3,2017-10-01 00:00:00,http://landregistry.data.gov.uk/id/region/armagh-banbridge-and-craigavon,274.0,1.9,4.4
http://landregistry.data.gov.uk/data/ukhpi/region/armagh-banbridge-and-craigavon/month/2017-12,114645,75.2,2017-12,3,2017-10-01 00:00:00,http://landregistry.data.gov.uk/id/region/armagh-banbridge-and-craigavon,274.0,1.9,4.4
http://landregistry.data.gov.uk/data/ukhpi/region/armagh-banbridge-and-craigavon/month/2018-01,114378,75.0,2018-01,3,2018-01-01 00:00:00,http://landregistry.data.gov.uk/id/region/armagh-banbridge-and-craigavon,204.0,-0.2,1.9
http://landregistry.data.gov.uk/data/ukhpi/region/armagh-banbridge-and-craigavon/month/2018-02,114378,75.0,2018-02,3,2018-01-01 00:00:00,http://landregistry.data.gov.uk/id/region/armagh-banbridge-and-craigavon,204.0,-0.2,1.9
http://landregistry.data.gov.uk/data/ukhpi/region/armagh-banbridge-and-craigavon/month/2018-03,114378,75.0,2018-03,3,2018-01-01 00:00:00,http://landregistry.data.gov.uk/id/region/armagh-banbridge-and-craigavon,204.0,-0.2,1.9
http://landregistry.data.gov.uk/data/ukhpi/region/armagh-banbridge-and-craigavon/month/2018-04,115364,75.7,2018-04,3,2018-04-01 00:00:00,http://landregistry.data.gov.uk/id/region/armagh-banbridge-and-craigavon,237.0,0.9,3.0
http://landregistry.data.gov.uk/data/ukhpi/region/armagh-banbridge-and-craigavon/month/2018-05,115364,75.7,2018-05,3,2018-04-01 00:00:00,http://landregistry.data.gov.uk/id/region/armagh-banbridge-and-craigavon,237.0,0.9,3.0
http://landregistry.data.gov.uk/data/ukhpi/region/armagh-banbridge-and-craigavon/month/2018-06,115364,75.7,2018-06,3,2018-04-01 00:00:00,http://landregistry.data.gov.uk/id/region/armagh-banbridge-and-craigavon,237.0,0.9,3.0
http://landregistry.data.gov.uk/data/ukhpi/region/armagh-banbridge-and-craigavon/month/2018-07,115068,75.5,2018-07,3,2018-07-01 00:00:00,http://landregistry.data.gov.uk/id/region/armagh-banbridge-and-craigavon,248.0,-0.3,2.2
http://landregistry.data.gov.uk/data/ukhpi/region/armagh-banbridge-and-craigavon/month/2018-08,115068,75.5,2018-08,3,2018-07-01 00:00:00,http://landregistry.data.gov.uk/id/region/armagh-banbridge-and-craigavon,248.0,-0.3,2.2
http://landregistry.data.gov.uk/data/ukhpi/region/armagh-banbridge-and-craigavon/month/2018-09,115068,75.5,2018-09,3,2018-07-01 00:00:00,http://landregistry.data.gov.uk/id/region/armagh-banbridge-and-craigavon,248.0,-0.3,2.2
http://landregistry.data.gov.uk/data/ukhpi/region/armagh-banbridge-and-craigavon/month/2018-10,118209,77.5,2018-10,3,2018-10-01 00:00:00,http://landregistry.data.gov.uk/id/region/armagh-banbridge-and-craigavon,253.0,2.7,3.1
http://landregistry.data.gov.uk/data/ukhpi/region/armagh-banbridge-and-craigavon/month/2018-11,118209,77.5,2018-11,3,2018-10-01 00:00:00,http://landregistry.data.gov.uk/id/region/armagh-banbridge-and-craigavon,253.0,2.7,3.1
http://landregistry.data.gov.uk/data/ukhpi/region/armagh-banbridge-and-craigavon/month/2018-12,118209,77.5,2018-12,3,2018-10-01 00:00:00,http://landregistry.data.gov.uk/id/region/armagh-banbridge-and-craigavon,253.0,2.7,3.1
http://landregistry.data.gov.uk/data/ukhpi/region/armagh-banbridge-and-craigavon/month/2019-01,119088,78.1,2019-01,3,2019-01-01 00:00:00,http://landregistry.data.gov.uk/id/region/armagh-banbridge-and-craigavon,185.0,0.7,4.1
http://landregistry.data.gov.uk/data/ukhpi/region/armagh-banbridge-and-craigavon/month/2019-02,119088,78.1,2019-02,3,2019-01-01 00:00:00,http://landregistry.data.gov.uk/id/region/armagh-banbridge-and-craigavon,185.0,0.7,4.1
http://landregistry.data.gov.uk/data/ukhpi/region/armagh-banbridge-and-craigavon/month/2019-03,119088,78.1,2019-03,3,2019-01-01 00:00:00,http://landregistry.data.gov.uk/id/region/armagh-banbridge-and-craigavon,185.0,0.7,4.1
http://landregistry.data.gov.uk/data/ukhpi/region/armagh-banbridge-and-craigavon/month/2019-04,118209,77.5,2019-04,3,2019-04-01 00:00:00,http://landregistry.data.gov.uk/id/region/armagh-banbridge-and-craigavon,240.0,-0.7,2.5
http://landregistry.data.gov.uk/data/ukhpi/region/armagh-banbridge-and-craigavon/month/2019-05,118209,77.5,2019-05,3,2019-04-01 00:00:00,http://landregistry.data.gov.uk/id/region/armagh-banbridge-and-craigavon,240.0,-0.7,2.5
http://landregistry.data.gov.uk/data/ukhpi/region/armagh-banbridge-and-craigavon/month/2019-06,118209,77.5,2019-06,3,2019-04-01 00:00:00,http://landregistry.data.gov.uk/id/region/armagh-banbridge-and-craigavon,240.0,-0.7,2.5
http://landregistry.data.gov.uk/data/ukhpi/region/armagh-banbridge-and-craigavon/month/2019-07,122487,80.3,2019-07,3,2019-07-01 00:00:00,http://landregistry.data.gov.uk/id/region/armagh-banbridge-and-craigavon,245.0,3.6,6.4
http://landregistry.data.gov.uk/data/ukhpi/region/armagh-banbridge-and-craigavon/month/2019-08,122487,80.3,2019-08,3,2019-07-01 00:00:00,http://landregistry.data.gov.uk/id/region/armagh-banbridge-and-craigavon,245.0,3.6,6.4
http://landregistry.data.gov.uk/data/ukhpi/region/armagh-banbridge-and-craigavon/month/2019-09,122487,80.3,2019-09,3,2019-07-01 00:00:00,http://landregistry.data.gov.uk/id/region/armagh-banbridge-and-craigavon,245.0,3.6,6.4
http://landregistry.data.gov.uk/data/ukhpi/region/armagh-banbridge-and-craigavon/month/2019-10,122260,80.2,2019-10,3,2019-10-01 00:00:00,http://landregistry.data.gov.uk/id/region/armagh-banbridge-and-craigavon,278.0,-0.2,3.4
http://landregistry.data.gov.uk/data/ukhpi/region/armagh-banbridge-and-craigavon/month/2019-11,122260,80.2,2019-11,3,2019-10-01 00:00:00,http://landregistry.data.gov.uk/id/region/armagh-banbridge-and-craigavon,278.0,-0.2,3.4
http://landregistry.data.gov.uk/data/ukhpi/region/armagh-banbridge-and-craigavon/month/2019-12,122260,80.2,2019-12,3,2019-10-01 00:00:00,http://landregistry.data.gov.uk/id/region/armagh-banbridge-and-craigavon,278.0,-0.2,3.4
http://landregistry.data.gov.uk/data/ukhpi/region/armagh-banbridge-and-craigavon/month/2020-01,122831,80.6,2020-01,3,2020-01-01 00:00:00,http://landregistry.data.gov.uk/id/region/armagh-banbridge-and-craigavon,213.0,0.5,3.1
http://landregistry.data.gov.uk/data/ukhpi/region/armagh-banbridge-and-craigavon/month/2020-02,122831,80.6,2020-02,3,2020-01-01 00:00:00,http://landregistry.data.gov.uk/id/region/armagh-banbridge-and-craigavon,213.0,0.5,3.1
http://landregistry.data.gov.uk/data/ukhpi/region/armagh-banbridge-and-craigavon/month/2020-03,122831,80.6,2020-03,3,2020-01-01 00:00:00,http://landregistry.data.gov.uk/id/region/armagh-banbridge-and-craigavon,213.0,0.5,3.1
http://landregistry.data.gov.uk/data/ukhpi/region/armagh-banbridge-and-craigavon/month/2020-04,123515,81.0,2020-04,3,2020-04-01 00:00:00,http://landregistry.data.gov.uk/id/region/armagh-banbridge-and-craigavon,93.0,0.6,4.5
http://landregistry.data.gov.uk/data/ukhpi/region/armagh-banbridge-and-craigavon/month/2020-05,123515,81.0,2020-05,3,2020-04-01 00:00:00,http://landregistry.data.gov.uk/id/region/armagh-banbridge-and-craigavon,93.0,0.6,4.5
http://landregistry.data.gov.uk/data/ukhpi/region/armagh-banbridge-and-craigavon/month/2020-06,123515,81.0,2020-06,3,2020-04-01 00:00:00,http://landregistry.data.gov.uk/id/region/armagh-banbridge-and-craigavon,93.0,0.6,4.5
http://landregistry.data.gov.uk/data/ukhpi/region/armagh-banbridge-and-craigavon/month/2020-07,124919,81.9,2020-07,3,2020-07-01 00:00:00,http://landregistry.data.gov.uk/id/region/armagh-banbridge-and-craigavon,210.0,1.1,2.0
http://landregistry.data.gov.uk/data/ukhpi/region/armagh-banbridge-and-craigavon/month/2020-08,124919,81.9,2020-08,3,2020-07-01 00:00:00,http://landregistry.data.gov.uk/id/region/armagh-banbridge-and-craigavon,210.0,1.1,2.0
http://landregistry.data.gov.uk/data/ukhpi/region/armagh-banbridge-and-craigavon/month/2020-09,124919,81.9,2020-09,3,2020-07-01 00:00:00,http://landregistry.data.gov.uk/id/region/armagh-banbridge-and-craigavon,210.0,1.1,2.0
http://landregistry.data.gov.uk/data/ukhpi/region/armagh-banbridge-and-craigavon/month/2020-10,127140,83.4,2020-10,3,2020-10-01 00:00:00,http://landregistry.data.gov.uk/id/region/armagh-banbridge-and-craigavon,325.0,1.8,4.0
http://landregistry.data.gov.uk/data/ukhpi/region/armagh-banbridge-and-craigavon/month/2020-11,127140,83.4,2020-11,3,2020-10-01 00:00:00,http://landregistry.data.gov.uk/id/region/armagh-banbridge-and-craigavon,325.0,1.8,4.0
http://landregistry.data.gov.uk/data/ukhpi/region/armagh-banbridge-and-craigavon/month/2020-12,127140,83.4,2020-12,3,2020-10-01 00:00:00,http://landregistry.data.gov.uk/id/region/armagh-banbridge-and-craigavon,325.0,1.8,4.0
http://landregistry.data.gov.uk/data/ukhpi/region/armagh-banbridge-and-craigavon/month/2021-01,126678,83.1,2021-01,3,2021-01-01 00:00:00,http://landregistry.data.gov.uk/id/region/armagh-banbridge-and-craigavon,283.0,-0.4,3.1
http://landregistry.data.gov.uk/data/ukhpi/region/armagh-banbridge-and-craigavon/month/2021-02,126678,83.1,2021-02,3,2021-01-01 00:00:00,http://landregistry.data.gov.uk/id/region/armagh-banbridge-and-craigavon,283.0,-0.4,3.1
http://landregistry.data.gov.uk/data/ukhpi/region/armagh-banbridge-and-craigavon/month/2021-03,126678,83.1,2021-03,3,2021-01-01 00:00:00,http://landregistry.data.gov.uk/id/region/armagh-banbridge-and-craigavon,283.0,-0.4,3.1
http://landregistry.data.gov.uk/data/ukhpi/region/armagh-banbridge-and-craigavon/month/2021-04,133534,87.6,2021-04,3,2021-04-01 00:00:00,http://landregistry.data.gov.uk/id/region/armagh-banbridge-and-craigavon,274.0,5.4,8.1
http://landregistry.data.gov.uk/data/ukhpi/region/armagh-banbridge-and-craigavon/month/2021-05,133534,87.6,2021-05,3,2021-04-01 00:00:00,http://landregistry.data.gov.uk/id/region/armagh-banbridge-and-craigavon,274.0,5.4,8.1
http://landregistry.data.gov.uk/data/ukhpi/region/armagh-banbridge-and-craigavon/month/2021-06,133534,87.6,2021-06,3,2021-04-01 00:00:00,http://landregistry.data.gov.uk/id/region/armagh-banbridge-and-craigavon,274.0,5.4,8.1
http://landregistry.data.gov.uk/data/ukhpi/region/armagh-banbridge-and-craigavon/month/2021-07,139494,91.5,2021-07,3,2021-07-01 00:00:00,http://landregistry.data.gov.uk/id/region/armagh-banbridge-and-craigavon,329.0,4.5,11.7
http://landregistry.data.gov.uk/data/ukhpi/region/armagh-banbridge-and-craigavon/month/2021-08,139494,91.5,2021-08,3,2021-07-01 00:00:00,http://landregistry.data.gov.uk/id/region/armagh-banbridge-and-craigavon,329.0,4.5,11.7
http://landregistry.data.gov.uk/data/ukhpi/region/armagh-banbridge-and-craigavon/month/2021-09,139494,91.5,2021-09,3,2021-07-01 00:00:00,http://landregistry.data.gov.uk/id/region/armagh-banbridge-and-craigavon,329.0,4.5,11.7
http://landregistry.data.gov.uk/data/ukhpi/region/armagh-banbridge-and-craigavon/month/2021-10,138158,90.6,2021-10,3,2021-10-01 00:00:00,http://landregistry.data.gov.uk/id/region/armagh-banbridge-and-craigavon,284.0,-1.0,8.7
http://landregistry.data.gov.uk/data/ukhpi/region/armagh-banbridge-and-craigavon/month/2021-11,138158,90.6,2021-11,3,2021-10-01 00:00:00,http://landregistry.data.gov.uk/id/region/armagh-banbridge-and-craigavon,284.0,-1.0,8.7
http://landregistry.data.gov.uk/data/ukhpi/region/armagh-banbridge-and-craigavon/month/2021-12,138158,90.6,2021-12,3,2021-10-01 00:00:00,http://landregistry.data.gov.uk/id/region/armagh-banbridge-and-craigavon,284.0,-1.0,8.7
http://landregistry.data.gov.uk/data/ukhpi/region/armagh-banbridge-and-craigavon/month/2022-01,143748,94.3,2022-01,3,2022-01-01 00:00:00,http://landregistry.data.gov.uk/id/region/armagh-banbridge-and-craigavon,207.0,4.0,13.5
http://landregistry.data.gov.uk/data/ukhpi/region/armagh-banbridge-and-craigavon/month/2022-02,143748,94.3,2022-02,3,2022-01-01 00:00:00,http://landregistry.data.gov.uk/id/region/armagh-banbridge-and-craigavon,207.0,4.0,13.5
http://landregistry.data.gov.uk/data/ukhpi/region/armagh-banbridge-and-craigavon/month/2022-03,143748,94.3,2022-03,3,2022-01-01 00:00:00,http://landregistry.data.gov.uk/id/region/armagh-banbridge-and-craigavon,207.0,4.0,13.5
http://landregistry.data.gov.uk/data/ukhpi/region/armagh-banbridge-and-craigavon/month/2022-04,148616,97.5,2022-04,3,2022-04-01 00:00:00,http://landregistry.data.gov.uk/id/region/armagh-banbridge-and-craigavon,251.0,3.4,11.3
http://landregistry.data.gov.uk/data/ukhpi/region/armagh-banbridge-and-craigavon/month/2022-05,148616,97.5,2022-05,3,2022-04-01 00:00:00,http://landregistry.data.gov.uk/id/region/armagh-banbridge-and-craigavon,251.0,3.4,11.3
http://landregistry.data.gov.uk/data/ukhpi/region/armagh-banbridge-and-craigavon/month/2022-06,148616,97.5,2022-06,3,2022-04-01 00:00:00,http://landregistry.data.gov.uk/id/region/armagh-banbridge-and-craigavon,251.0,3.4,11.3
http://landregistry.data.gov.uk/data/ukhpi/region/armagh-banbridge-and-craigavon/month/2022-07,154903,101.6,2022-07,3,2022-07-01 00:00:00,http://landregistry.data.gov.uk/id/region/armagh-banbridge-and-craigavon,253.0,4.2,11.0
http://landregistry.data.gov.uk/data/ukhpi/region/armagh-banbridge-and-craigavon/month/2022-08,154903,101.6,2022-08,3,2022-07-01 00:00:00,http://landregistry.data.gov.uk/id/region/armagh-banbridge-and-craigavon,253.0,4.2,11.0
http://landregistry.data.gov.uk/data/ukhpi/region/armagh-banbridge-and-craigavon/month/2022-09,154903,101.6,2022-09,3,2022-07-01 00:00:00,http://landregistry.data.gov.uk/id/region/armagh-banbridge-and-craigavon,253.0,4.2,11.0
http://landregistry.data.gov.uk/data/ukhpi/region/armagh-banbridge-and-craigavon/month/2022-10,153818,100.9,2022-10,3,2022-10-01 00:00:00,http://landregistry.data.gov.uk/id/region/armagh-banbridge-and-craigavon,268.0,-0.7,11.3
http://landregistry.data.gov.uk/data/ukhpi/region/armagh-banbridge-and-craigavon/month/2022-11,153818,100.9,2022-11,3,2022-10-01 00:00:00,http://landregistry.data.gov.uk/id/region/armagh-banbridge-and-craigavon,268.0,-0.7,11.3
http://landregistry.data.gov.uk/data/ukhpi/region/armagh-banbridge-and-craigavon/month/2022-12,153818,100.9,2022-12,3,2022-10-01 00:00:00,http://landregistry.data.gov.uk/id/region/armagh-banbridge-and-craigavon,268.0,-0.7,11.3
http://landregistry.data.gov.uk/data/ukhpi/region/armagh-banbridge-and-craigavon/month/2023-01,152453,100.0,2023-01,3,2023-01-01 00:00:00,http://landregistry.data.gov.uk/id/region/armagh-banbridge-and-craigavon,190.0,-0.9,6.1
http://landregistry.data.gov.uk/data/ukhpi/region/armagh-banbridge-and-craigavon/month/2023-02,152453,100.0,2023-02,3,2023-01-01 00:00:00,http://landregistry.data.gov.uk/id/region/armagh-banbridge-and-craigavon,190.0,-0.9,6.1
http://landregistry.data.gov.uk/data/ukhpi/region/armagh-banbridge-and-craigavon/month/2023-03,152453,100.0,2023-03,3,2023-01-01 00:00:00,http://landregistry.data.gov.uk/id/region/armagh-banbridge-and-craigavon,190.0,-0.9,6.1
http://landregistry.data.gov.uk/data/ukhpi/region/armagh-banbridge-and-craigavon/month/2023-04,151527,99.4,2023-04,3,2023-04-01 00:00:00,http://landregistry.data.gov.uk/id/region/armagh-banbridge-and-craigavon,207.0,-0.6,2.0
http://landregistry.data.gov.uk/data/ukhpi/region/armagh-banbridge-and-craigavon/month/2023-05,151527,99.4,2023-05,3,2023-04-01 00:00:00,http://landregistry.data.gov.uk/id/region/armagh-banbridge-and-craigavon,207.0,-0.6,2.0
http://landregistry.data.gov.uk/data/ukhpi/region/armagh-banbridge-and-craigavon/month/2023-06,151527,99.4,2023-06,3,2023-04-01 00:00:00,http://landregistry.data.gov.uk/id/region/armagh-banbridge-and-craigavon,207.0,-0.6,2.0
http://landregistry.data.gov.uk/data/ukhpi/region/armagh-banbridge-and-craigavon/month/2023-07,159979,104.9,2023-07,3,2023-07-01 00:00:00,http://landregistry.data.gov.uk/id/region/armagh-banbridge-and-craigavon,232.0,5.6,3.3
http://landregistry.data.gov.uk/data/ukhpi/region/armagh-banbridge-and-craigavon/month/2023-08,159979,104.9,2023-08,3,2023-07-01 00:00:00,http://landregistry.data.gov.uk/id/region/armagh-banbridge-and-craigavon,232.0,5.6,3.3
http://landregistry.data.gov.uk/data/ukhpi/region/armagh-banbridge-and-craigavon/month/2023-09,159979,104.9,2023-09,3,2023-07-01 00:00:00,http://landregistry.data.gov.uk/id/region/armagh-banbridge-and-craigavon,232.0,5.6,3.3
http://landregistry.data.gov.uk/data/ukhpi/region/armagh-banbridge-and-craigavon/month/2023-10,157316,103.2,2023-10,3,2023-10-01 00:00:00,http://landregistry.data.gov.uk/id/region/armagh-banbridge-and-craigavon,215.0,-1.7,2.3
http://landregistry.data.gov.uk/data/ukhpi/region/armagh-banbridge-and-craigavon/month/2023-11,157316,103.2,2023-11,3,2023-10-01 00:00:00,http://landregistry.data.gov.uk/id/region/armagh-banbridge-and-craigavon,215.0,-1.7,2.3
http://landregistry.data.gov.uk/data/ukhpi/region/armagh-banbridge-and-craigavon/month/2023-12,157316,103.2,2023-12,3,2023-10-01 00:00:00,http://landregistry.data.gov.uk/id/region/armagh-banbridge-and-craigavon,215.0,-1.7,2.3
http://landregistry.data.gov.uk/data/ukhpi/region/armagh-banbridge-and-craigavon/month/2024-01,159155,104.4,2024-01,3,2024-01-01 00:00:00,http://landregistry.data.gov.uk/id/region/armagh-banbridge-and-craigavon,192.0,1.2,4.4
http://landregistry.data.gov.uk/data/ukhpi/region/armagh-banbridge-and-craigavon/month/2024-02,159155,104.4,2024-02,3,2024-01-01 00:00:00,http://landregistry.data.gov.uk/id/region/armagh-banbridge-and-craigavon,192.0,1.2,4.4
http://landregistry.data.gov.uk/data/ukhpi/region/armagh-banbridge-and-craigavon/month/2024-03,159155,104.4,2024-03,3,2024-01-01 00:00:00,http://landregistry.data.gov.uk/id/region/armagh-banbridge-and-craigavon,192.0,1.2,4.4
http://landregistry.data.gov.uk/data/ukhpi/region/armagh-banbridge-and-craigavon/month/2024-04,164037,107.6,2024-04,3,2024-04-01 00:00:00,http://landregistry.data.gov.uk/id/region/armagh-banbridge-and-craigavon,199.0,3.1,8.3
http://landregistry.data.gov.uk/data/ukhpi/region/armagh-banbridge-and-craigavon/month/2024-05,164037,107.6,2024-05,3,2024-04-01 00:00:00,http://landregistry.data.gov.uk/id/region/armagh-banbridge-and-craigavon,199.0,3.1,8.3
http://landregistry.data.gov.uk/data/ukhpi/region/armagh-banbridge-and-craigavon/month/2024-06,164037,107.6,2024-06,3,2024-04-01 00:00:00,http://landregistry.data.gov.uk/id/region/armagh-banbridge-and-craigavon,199.0,3.1,8.3
http://landregistry.data.gov.uk/data/ukhpi/region/armagh-banbridge-and-craigavon/month/2024-07,168587,110.6,2024-07,3,2024-07-01 00:00:00,http://landregistry.data.gov.uk/id/region/armagh-banbridge-and-craigavon,236.0,2.8,5.4
http://landregistry.data.gov.uk/data/ukhpi/region/armagh-banbridge-and-craigavon/month/2024-08,168587,110.6,2024-08,3,2024-07-01 00:00:00,http://landregistry.data.gov.uk/id/region/armagh-banbridge-and-craigavon,236.0,2.8,5.4
http://landregistry.data.gov.uk/data/ukhpi/region/armagh-banbridge-and-craigavon/month/2024-09,168587,110.6,2024-09,3,2024-07-01 00:00:00,http://landregistry.data.gov.uk/id/region/armagh-banbridge-and-craigavon,236.0,2.8,5.4
http://landregistry.data.gov.uk/data/ukhpi/region/armagh-banbridge-and-craigavon/month/2024-10,167323,109.8,2024-10,3,2024-10-01 00:00:00,http://landregistry.data.gov.uk/id/region/armagh-banbridge-and-craigavon,254.0,-0.7,6.4
http://landregistry.data.gov.uk/data/ukhpi/region/armagh-banbridge-and-craigavon/month/2024-11,167323,109.8,2024-11,3,2024-10-01 00:00:00,http://landregistry.data.gov.uk/id/region/armagh-banbridge-and-craigavon,254.0,-0.7,6.4
http://landregistry.data.gov.uk/data/ukhpi/region/armagh-banbridge-and-craigavon/month/2024-12,167323,109.8,2024-12,3,2024-10-01 00:00:00,http://landregistry.data.gov.uk/id/region/armagh-banbridge-and-craigavon,254.0,-0.7,6.4
http://landregistry.data.gov.uk/data/ukhpi/region/armagh-banbridge-and-craigavon/month/2025-01,169841,111.4,2025-01,3,2025-01-01 00:00:00,http://landregistry.data.gov.uk/id/region/armagh-banbridge-and-craigavon,239.0,1.5,6.7
http://landregistry.data.gov.uk/data/ukhpi/region/armagh-banbridge-and-craigavon/month/2025-02,169841,111.4,2025-02,3,2025-01-01 00:00:00,http://landregistry.data.gov.uk/id/region/armagh-banbridge-and-craigavon,239.0,1.5,6.7
http://landregistry.data.gov.uk/data/ukhpi/region/armagh-banbridge-and-craigavon/month/2025-03,169841,111.4,2025-03,3,2025-01-01 00:00:00,http://landregistry.data.gov.uk/id/region/armagh-banbridge-and-craigavon,239.0,1.5,6.7
http://landregistry.data.gov.uk/data/ukhpi/region/armagh-banbridge-and-craigavon/month/2025-04,171852,112.7,2025-04,3,2025-04-01 00:00:00,http://landregistry.data.gov.uk/id/region/armagh-banbridge-and-craigavon,186.0,1.2,4.8
http://landregistry.data.gov.uk/data/ukhpi/region/armagh-banbridge-and-craigavon/month/2025-05,171852,112.7,2025-05,3,2025-04-01 00:00:00,http://landregistry.data.gov.uk/id/region/armagh-banbridge-and-craigavon,186.0,1.2,4.8
http://landregistry.data.gov.uk/data/ukhpi/region/armagh-banbridge-and-craigavon/month/2025-06,171852,112.7,2025-06,3,2025-04-01 00:00:00,http://landregistry.data.gov.uk/id/region/armagh-banbridge-and-craigavon,186.0,1.2,4.8
http://landregistry.data.gov.uk/data/ukhpi/region/armagh-banbridge-and-craigavon/month/2025-07,175275,115.0,2025-07,3,2025-07-01 00:00:00,http://landregistry.data.gov.uk/id/region/armagh-banbridge-and-craigavon,223.0,2.0,4.0
http://landregistry.data.gov.uk/data/ukhpi/region/armagh-banbridge-and-craigavon/month/2025-08,175275,115.0,2025-08,3,2025-07-01 00:00:00,http://landregistry.data.gov.uk/id/region/armagh-banbridge-and-craigavon,223.0,2.0,4.0
http://landregistry.data.gov.uk/data/ukhpi/region/armagh-banbridge-and-craigavon/month/2025-09,175275,115.0,2025-09,3,2025-07-01 00:00:00,http://landregistry.data.gov.uk/id/region/armagh-banbridge-and-craigavon,,2.0,4.0
http://landregistry.data.gov.uk/data/ukhpi/region/armagh-banbridge-and-craigavon/month/2025-10,175275,115.0,2025-10,3,2025-10-01 00:00:00,http://landregistry.data.gov.uk/id/region/armagh-banbridge-and-craigavon,,2.0,4.0
